feature,scale_pct,csv,pos_x,pos_y,pos_z,pos_total,vel_x,vel_y,vel_z,vel_total,att_roll,att_pitch,att_yaw
drag,-50,flight_diag_lr_mtf,1.4637530919698807,2.9903383135833073,0.11002491362668762,3.3311862490041295,0.43973278183674036,0.6236639334075431,0.31241362373229226,0.824574977517987,3.0952099329198393,3.9081763472929296,11.57852928537778
drag,-50,flight_sine_mtf,2.758673713418857,1.7851855566495745,0.1322204737026822,3.288563574335244,0.13871210518803398,0.15010611220781298,0.06393767003323687,0.21415162548325387,0.9661156118449454,3.102575917087592,7.997637530210655
drag,-50,flight_y_mtf,0.2246103013498562,2.805332187939938,0.12245280507131905,2.81697233952238,0.07984908269889637,0.7251202851765005,0.2564193732455916,0.7732568777307879,1.4856978651725796,1.9197168458361662,2.3142294206059324
drag,-50,flight_z_mtf,0.40625882004683744,0.8754685344088692,0.13649965035321304,0.974742806155763,0.05509160459556642,0.09240344856468843,0.05489873343403512,0.12077811530332182,0.44451314166310535,1.4646476256932666,1.841502165666693
drag,-50,square_60cm_mtf,0.2839657848209022,0.8192118336199627,0.13450017398067815,0.8774023547339984,0.14004932856032773,0.3348801061722254,0.09423986983631168,0.37501953683359557,1.928852418114017,2.5029916513675796,5.419339933883704
drag,-50,square_120cm_mtf,0.4269686093157968,2.362628204135439,0.12470759129808014,2.404135230731559,0.2352392551523264,0.36020403005419044,0.1342886320155748,0.4506860183326258,1.3397135950533086,2.5381432774803727,8.454980222452795
drag,-40,flight_diag_lr_mtf,1.2618035063047925,2.6700626633846225,0.10940997083829647,2.955224738770723,0.32251560373009025,0.426913968262942,0.22724788480116312,0.5813032359225256,2.60058922637097,3.064872710020373,8.39536807101016
drag,-40,flight_sine_mtf,2.0055337072645663,1.3981322475759088,0.13214829639124462,2.448346871855605,0.10810341059326288,0.11380394969170872,0.060309033265148075,0.1681513182841731,0.8319020950122201,2.78451364478062,7.437279452820208
drag,-40,flight_y_mtf,0.17793237870896825,2.430303472018476,0.12198670406386113,2.439859761024485,0.06967363702250173,0.4963387539145057,0.17979833039209125,0.532479120665901,1.3383843753709692,1.9554036588269994,2.0939601237162417
drag,-40,flight_z_mtf,0.3847009120835599,0.7331390630837719,0.1364919031376026,0.8391172249450004,0.05160942618507478,0.08159796229595993,0.05492422940027785,0.1110784916049004,0.4391306897052016,1.408894014844318,1.8524860366346036
drag,-40,square_60cm_mtf,0.24109705364193432,0.7823254334778036,0.13439576107353632,0.8295921249238026,0.10980648457806873,0.23994015423917586,0.07793006144112406,0.27513966662030126,1.7517402700709468,2.1096277122016573,5.783631829216503
drag,-40,square_120cm_mtf,0.3769575783920606,2.033838552047825,0.12458067896997226,2.0722250402105993,0.17714589189006827,0.24527646129190686,0.10828201981760707,0.32135059560111084,1.2852535547658028,2.2544303454092987,7.775423483765176
drag,-30,flight_diag_lr_mtf,1.2058439897002848,2.3230177572508137,0.10906953541823006,2.61961206890548,0.22659354238402804,0.2845052761955617,0.1604945075953489,0.39755046547769085,2.1146980026340048,2.4845760874620866,6.332548424336356
drag,-30,flight_sine_mtf,1.4203887694782533,1.0358983812700029,0.13208813621371462,1.7629625601544043,0.08469457709819787,0.08886883528230748,0.05759192712219861,0.135601148018463,0.7272195637704143,2.545326508679872,7.1575343990908475
drag,-30,flight_y_mtf,0.16221117466739052,2.1146753411800696,0.12167098965051992,2.1243747535462183,0.0636198463016563,0.3287015979516395,0.12555884397559017,0.3575713196551063,1.2749349321308767,2.000128783062266,1.9823459290016323
drag,-30,flight_z_mtf,0.3610034462059338,0.6201579108265222,0.13648535584139512,0.7304434097809558,0.04875392724112032,0.07377851839345294,0.054949836659725686,0.10411387874196244,0.43617926939751733,1.3737559703819144,1.8626222641485533
drag,-30,square_60cm_mtf,0.2198488303721747,0.7609503805959542,0.1343168784671832,0.803380366816559,0.08482726453923714,0.16700191935261463,0.0653537583914041,0.1983845246296922,1.6473931661165537,1.7808332005216476,5.758178479146191
drag,-30,square_120cm_mtf,0.3620520152976032,1.7528872348999114,0.124466031461885,1.7942093281008167,0.13033620574350824,0.16140056289411733,0.08901206803758328,0.22574502538589725,1.28032460417669,2.0482740675877515,7.184474678741136
drag,-20,flight_diag_lr_mtf,1.095514866730009,1.938316037162473,0.10889013737848652,2.2291430966104464,0.15516458905855599,0.18324725654611593,0.10992636388616663,0.2640822072889851,1.7460814075468596,2.122170105385175,5.542584418082173
drag,-20,flight_sine_mtf,1.0151017530288113,0.7364199874770336,0.13203775107853416,1.261023368010172,0.0700722350471232,0.07353752572775743,0.05573816353073329,0.11586469992382768,0.6755892586241228,2.374947626253458,6.998675573728824
drag,-20,flight_y_mtf,0.16310902097225818,1.860536137155831,0.12144231208890095,1.871616281600149,0.060466688127042714,0.2081897321920676,0.08963658834316611,0.23459305815189865,1.2497387176982457,2.0499760045513455,1.90334702024254
drag,-20,flight_z_mtf,0.3361041949339717,0.5321652543770982,0.13647968545611236,0.644043936669428,0.04671139408023036,0.06795524610200619,0.054984573193442625,0.09911192208290513,0.4343075280509065,1.3457476912788195,1.8715998361523418
drag,-20,square_60cm_mtf,0.21449228505070994,0.752560147972072,0.13425681725126878,0.7939638591525828,0.06659666194247499,0.11323492841162981,0.057078297843975445,0.1432312692083429,1.5859200313024817,1.521384595051935,5.567061303382152
drag,-20,square_120cm_mtf,0.3809697855241943,1.5386291997073094,0.12436553219821535,1.5899637031307512,0.09442266960577018,0.10147418440275566,0.07633441294375204,0.15823903827801836,1.3031884670216416,1.898156990684164,6.72800670396237
drag,-10,flight_diag_lr_mtf,0.9574023771711295,1.6055712335583112,0.10879743320303573,1.8725157353983586,0.11614760469847926,0.11866842973700924,0.07655652449301521,0.18284792516157064,1.5345952064834343,1.930791796624513,5.789009672281059
drag,-10,flight_sine_mtf,0.7686002615282863,0.5070103248439963,0.13199549370259364,0.9301766724002254,0.06522020272598146,0.0650338463036112,0.05456644008434647,0.10705406294082638,0.6698122203332363,2.2639073629148307,6.908193971134136
drag,-10,flight_y_mtf,0.16941580509993123,1.6674630917861681,0.12127478128398009,1.6804292457768706,0.05923942016043328,0.13463317639256517,0.07122697242432223,0.16342791281550123,1.2462555744217139,2.099742669309758,1.8575368988117762
drag,-10,flight_z_mtf,0.31166534466877305,0.4617195421699547,0.13647464044456686,0.573537749562844,0.045328072536062344,0.06376296473120456,0.05503287430535363,0.09565023306535232,0.4339251624339528,1.3239914656981682,1.8779911406153078
drag,-10,square_60cm_mtf,0.22008050687119887,0.7533395148424946,0.13420910626621094,0.7962210361027797,0.05706398873611311,0.0784621267363114,0.05275666670492137,0.11043491306771784,1.5457813933687552,1.3237750866438471,5.299772314711616
drag,-10,square_120cm_mtf,0.41610085846064443,1.3798891847956474,0.12427793469903908,1.4466095159996495,0.06998437218864194,0.06561886311130552,0.06946703047668196,0.1184454130386942,1.3410219482854426,1.78948948412244,6.391651432008675
drag,0,flight_diag_lr_mtf,0.8214769217858267,1.3682104159318327,0.10874725798803526,1.5995780823113925,0.116140329674607,0.09510277778824625,0.06468270301102276,0.16345325505715422,1.4803309572823788,1.8656362130081423,6.5249754629790235
drag,0,flight_sine_mtf,0.6506185811169537,0.35124318229905177,0.13196018191934497,0.751059119389672,0.0687313045429696,0.060709234592200394,0.053907250828042624,0.1063747859259268,0.6915884487952598,2.1923207603768278,6.869547117029069
drag,0,flight_y_mtf,0.17651414275023616,1.5208788146322219,0.12114587967680943,1.5358730206467692,0.059217365100458316,0.11959420365999987,0.06849843697143868,0.15000501906949867,1.2518683842359908,2.1483696165098918,1.8284919096737142
drag,0,flight_z_mtf,0.28799854883277726,0.4062765262480198,0.1364700338900651,0.5163601941086271,0.04446644050394238,0.060708085439230376,0.05509388981130066,0.09326345834959843,0.43483396541785185,1.3067202637166475,1.8833233019945994
drag,0,square_60cm_mtf,0.23253696636522497,0.7594211857491169,0.13416958872075727,0.8054784023351798,0.056845216021863675,0.06615463744300765,0.05170631485170435,0.10139702971651447,1.528123106649875,1.1748687197004342,5.045731994775048
drag,0,square_120cm_mtf,0.4584040324929146,1.2613643222402495,0.12419974200244109,1.347812964153351,0.058531208749380455,0.059646219708917876,0.06715764546019475,0.1072087835346772,1.376098265341265,1.7061406218280024,6.1285676746871705
drag,10,flight_diag_lr_mtf,0.7111985681334954,1.2208083276688637,0.10870364330613563,1.4170366467698743,0.14184606285569581,0.10658907973737453,0.07270322332771167,0.19174800168231615,1.5184244204127664,1.8651698096818197,7.338556511870554
drag,10,flight_sine_mtf,0.6265609536618637,0.27613606850526823,0.13193026305811947,0.6973057803387226,0.07725133013462898,0.05863984440743084,0.05362590817768105,0.11082480492912322,0.7226274522722106,2.1533504151460314,6.857246546474665
drag,10,flight_y_mtf,0.18184059432744534,1.4171549478015797,0.1210383025107902,1.4338913551934642,0.059883164294291476,0.14891284597610976,0.07568690328759117,0.17745291316816098,1.263890692572551,2.1934832731374403,1.8192420406062937
drag,10,flight_z_mtf,0.2670574687464736,0.3623010533034185,0.13646591163987337,0.4703240264729647,0.04392810529433639,0.05846346031939055,0.055163331676133,0.09160047919568061,0.4376599341698406,1.2988684750618629,1.8877360515005555
drag,10,square_60cm_mtf,0.25047435591254946,0.7707845797675382,0.13413715127062792,0.821485877376006,0.06332613284928637,0.07322098706850387,0.052939780019655366,0.11033645071988213,1.5199633132125754,1.068409298076967,4.80017250482163
drag,10,square_120cm_mtf,0.5009522574953166,1.1777711035322416,0.12413187178512132,1.2858874982665032,0.05947491366835488,0.07509709646330626,0.06795544901385167,0.11745119115509892,1.4198542470663462,1.6424463863092906,5.931793120601659
drag,20,flight_diag_lr_mtf,0.6334667520650509,1.141608418569518,0.10866353386672752,1.3100983439853076,0.17541135853954962,0.13115255280424218,0.08994212330209485,0.23676934420623205,1.6032523678249906,1.889347143496374,8.05286047037252
drag,20,flight_sine_mtf,0.6720427078891384,0.2693665032986326,0.13190556820269528,0.735933959842304,0.08792717130766907,0.057680043949323474,0.053614154925977826,0.11803665757971471,0.7526881990888932,2.1394463084859674,6.83347475464739
drag,20,flight_y_mtf,0.18530773731571548,1.3429079244705975,0.12095192172101826,1.3610180081405998,0.060991636675721286,0.19070493722519932,0.0867414414805567,0.2182027279769326,1.278889368820164,2.2387783180233907,1.8165728882669117
drag,20,flight_z_mtf,0.2479755005868906,0.3251793250834439,0.1364622794493897,0.43110949428836104,0.04365332681050329,0.05684513901923612,0.05524054093414694,0.09049033171802416,0.4402820034206227,1.2979172096762106,1.8904238649658842
drag,20,square_60cm_mtf,0.27156890143809603,0.7851140926358943,0.13410941234181906,0.8415100362814729,0.07304439634984923,0.08903645768677476,0.05556976632263244,0.12787092540790762,1.5209338846443974,0.9983112822084323,4.607819668016759
drag,20,square_120cm_mtf,0.5422138431026138,1.1181589491010333,0.12407173974341223,1.2488671201171844,0.06780705952795506,0.0959209834015061,0.07050629472464166,0.13700281009650014,1.461822089984977,1.596677061294974,5.769788708411631
drag,30,flight_diag_lr_mtf,0.5833837016488528,1.1035943397845935,0.10861514347600472,1.2530180603432752,0.2092237999308185,0.15695472485037007,0.10920874944824692,0.2834359452617055,1.7007200922865713,1.9210013601413451,8.612497046348198
drag,30,flight_sine_mtf,0.7702761272288238,0.30156523873172075,0.13188527946751197,0.8376518562805066,0.09911773838422602,0.05724806045121876,0.05380244176283215,0.12647675370388511,0.7779959157602179,2.143703982005187,6.839143508281271
drag,30,flight_y_mtf,0.18676114320973655,1.2919241744580654,0.12087911298718981,1.3109384261355417,0.062318663066758886,0.23184050688027227,0.09851630001859338,0.2594977798870027,1.2947421293183885,2.278261701761961,1.8163421326788203
drag,30,flight_z_mtf,0.23039203699427524,0.2948830105422427,0.13645900936190247,0.3983183925616035,0.04358058918466586,0.0556448284181201,0.055325029542443345,0.08975786081027595,0.444543186169481,1.3007525587850206,1.8946653100648416
drag,30,square_60cm_mtf,0.29394031523014347,0.8015219772311486,0.13408565246796725,0.8641859470622549,0.08378613349150302,0.10647659059897681,0.058916060697320104,0.14774465377511425,1.5261680996797,0.9441322528767497,4.442146883306501
drag,30,square_120cm_mtf,0.579084726056916,1.077974990605575,0.12402053783760013,1.229939142449345,0.07890596823523953,0.11603242709065902,0.07391380215205554,0.15859674053480083,1.5016777937567667,1.560230098523766,5.638698134141032
drag,40,flight_diag_lr_mtf,0.5573564433809621,1.0874642466217201,0.1085642741781528,1.2267888548102523,0.24082582800165,0.1806519175330202,0.12784013404445224,0.3270707792107711,1.791115007305876,1.950977471348568,9.027450393252677
drag,40,flight_sine_mtf,0.9060045263607901,0.3415269008996127,0.13186808250928989,0.9771765536529263,0.11010698938029582,0.057025153055177934,0.05413210923877763,0.13529856777511726,0.7961578660312417,2.1632956346728327,6.834239830863387
drag,40,flight_y_mtf,0.18696810173101205,1.2598715322661562,0.12082057355746287,1.279386946890707,0.06373354587930953,0.26922610125969504,0.10971450754985736,0.2976271688484661,1.310079329509631,2.316529438642865,1.816627726341417
drag,40,flight_z_mtf,0.21442037030897476,0.2668451106832149,0.13645609310266885,0.36851414307163205,0.04368268048664411,0.05470446472583559,0.05541435867109872,0.0892832917312506,0.4472927447711218,1.3066384227118082,1.8979642879681282
drag,40,square_60cm_mtf,0.31747034137987185,0.8183681871942847,0.13406537855273223,0.8879681487497171,0.0944103359610277,0.1231519135979792,0.06255253539208912,0.16730966811005518,1.5360245145527989,0.9108862706961437,4.284405312011362
drag,40,square_120cm_mtf,0.611702105746816,1.0513080818762717,0.12397433605079179,1.2226192314832485,0.09041116613692117,0.13426918136351806,0.07767137463622159,0.1795417346027033,1.5421090310782888,1.5353620184954921,5.527687971080705
drag,50,flight_diag_lr_mtf,0.5512923246307141,1.0851469870067398,0.10851111940694796,1.2219827632342002,0.2696691959815551,0.20166720264400348,0.1450740326234067,0.36665734797657223,1.8727285599662042,1.9750913318956662,9.322128442560903
drag,50,flight_sine_mtf,1.06624364030152,0.3830523138072377,0.13185441510123147,1.1406095573763197,0.12050490286674981,0.05696923872078803,0.054554644298285083,0.1440247721395988,0.8087209693818733,2.194522088604013,6.832756568719128
drag,50,flight_y_mtf,0.18519244857023248,1.241807461868231,0.12076835107389625,1.261335407407627,0.06516872105936142,0.30268085671021966,0.12008642891425318,0.3320894663079866,1.3289244712831814,2.3459971706921445,1.828161731088772
drag,50,flight_z_mtf,0.19983206010950197,0.24519151479057819,0.13645341608574169,0.34448696047074767,0.04392332701332138,0.05399355856721225,0.05551101800702547,0.08902828844163216,0.4523232956126298,1.3130201077532595,1.900605459098019
drag,50,square_60cm_mtf,0.3411107198283349,0.8343723795175612,0.13404713919294028,0.9113190585132155,0.10453950644222558,0.13841333769506486,0.06624893583945579,0.1856762827044222,1.548825523578049,0.8849923064652494,4.171389868494789
drag,50,square_120cm_mtf,0.6418226429333407,1.0344253732645083,0.12393263396076408,1.2236549577376004,0.10139200121581536,0.1505897254026761,0.0814916252756757,0.19899368908955994,1.582224668801509,1.5173179296857335,5.432193591783547
cop_z,-50,flight_diag_lr_mtf,0.8151859543420894,1.362296088858735,0.10871985584395694,1.5912884028142606,0.114660187079035,0.0946056345370924,0.06458175931825216,0.16207402081705088,1.4869685056914563,1.8631451999376667,6.5143378913652095
cop_z,-50,flight_sine_mtf,0.6744306789084488,0.35172771936020203,0.13195669874324753,0.7719985100778733,0.06810660912073127,0.06095268427605714,0.05397797115066717,0.10614782756101529,0.6917642310167511,2.199489770556454,6.878606542898176
cop_z,-50,flight_y_mtf,0.1767670070568563,1.5195548064438589,0.12114367432310003,1.5345908817658773,0.05918390169689214,0.11897934340209923,0.06855716676498454,0.14952893864166877,1.2528066153926192,2.1475414031218256,1.820187039586393
cop_z,-50,flight_z_mtf,0.2873175203994793,0.4066055221311558,0.1364742756759179,0.516240870212076,0.04448482759624187,0.060657596563177124,0.05507797225002676,0.09322996800526769,0.4353680361248244,1.311606871546697,1.883739494740161
cop_z,-50,square_60cm_mtf,0.23434621746065804,0.7561885480515013,0.13416790455198113,0.8029572195666623,0.05652860312043292,0.06594951342287383,0.05175566505851465,0.10111117721157434,1.5288149215484494,1.176603837339831,5.059431812166174
cop_z,-50,square_120cm_mtf,0.46688321271163846,1.2547871548395066,0.12420033710387272,1.3445804036943574,0.058380649195515555,0.059875764486433974,0.0673487333252417,0.1073743882582773,1.38213622037756,1.7029341705701604,6.091809337261549
cop_z,-40,flight_diag_lr_mtf,0.8164560996621366,1.363554118950158,0.10872502281768354,1.5930164872242083,0.11495151114382672,0.09470946190204328,0.06459898191665334,0.1623476533636751,1.4858000262961393,1.8636007558299013,6.51652907655516
cop_z,-40,flight_sine_mtf,0.6697697825466122,0.35153301676990273,0.13195739271952248,0.7678409841791588,0.06822087200128535,0.06090491125830569,0.053963512101018726,0.10618642206174311,0.6916552843229997,2.1979993114340894,6.877847814780496
cop_z,-40,flight_y_mtf,0.1767330452956565,1.5196230182594763,0.12114406447965884,1.5346545446067559,0.059189138260702975,0.1190801868194369,0.06854342404682982,0.14960496636495774,1.2536357196504964,2.147416773042251,1.820717844641535
cop_z,-40,flight_z_mtf,0.28750656081060316,0.4064335374338597,0.13647341728957765,0.5162104575527668,0.04448231797240887,0.06068249126373772,0.055081372909968326,0.0932469785023573,0.43488732598285085,1.310541009265506,1.8837623449788954
cop_z,-40,square_60cm_mtf,0.23389216583710293,0.7568060358441346,0.1341681793553202,0.8034065107289122,0.056587053454029146,0.0659829879822448,0.05174601060937678,0.10116075788397372,1.5285340440671757,1.1763606095285872,5.054301024525305
cop_z,-40,square_120cm_mtf,0.4653051245528144,1.2560315155089579,0.12420036604596808,1.345195063108987,0.05840844184885834,0.05982601909297778,0.06731127645546817,0.10733828104543724,1.3809967764137883,1.7036165097280342,6.099421447650993
cop_z,-30,flight_diag_lr_mtf,0.8170372223166628,1.3642367485225984,0.10873079198562025,1.593899028733081,0.11524322570406142,0.09482197145099978,0.06461319904871442,0.16262556020453936,1.4849641087457495,1.8638316892977456,6.519959374527512
cop_z,-30,flight_sine_mtf,0.6651412153832542,0.35141396333433966,0.1319580856903542,0.7637522807867247,0.06833699505888173,0.0608616796040799,0.053949087780994484,0.10622896502512275,0.6916281282631087,2.1963717408950854,6.875053223912765
cop_z,-30,flight_y_mtf,0.1766635900792527,1.5199354168756396,0.12114446309812535,1.5349559200419887,0.059192359568678576,0.11920033292021129,0.06853155900963313,0.1496964574727397,1.253442136320091,2.147473971096924,1.8221601298842955
cop_z,-30,flight_z_mtf,0.2875400753462366,0.4062808379773951,0.13647254044757104,0.5161086789949842,0.04449595816533883,0.060692025085117784,0.05508522206297942,0.0932619637993534,0.4348274441459548,1.3084954999988212,1.883589649962793
cop_z,-30,square_60cm_mtf,0.2335827676021076,0.7574666721564413,0.1341685225108105,0.8039389660796071,0.05664814115362425,0.066016279269093,0.05173553062912936,0.10121129459785305,1.5279722995199883,1.176117939042234,5.051653729785487
cop_z,-30,square_120cm_mtf,0.46373124146569883,1.257274931408941,0.124200395273732,1.3458130091683715,0.05843903601567814,0.05977841921486645,0.06727397477258328,0.10730502325600703,1.3798607947896948,1.704301919697652,6.107035516991913
cop_z,-20,flight_diag_lr_mtf,0.8182657207286975,1.3655014688936715,0.10873598123126786,1.5956116585450095,0.11554189084358556,0.09493374914719133,0.06463258429174192,0.16291014768602358,1.483441805932734,1.8642417083443827,6.521314889643192
cop_z,-20,flight_sine_mtf,0.6605402680972117,0.3508609951242728,0.13195880580717995,0.7594932587637551,0.06845657757675905,0.060811278447731265,0.05393539362205881,0.10627013355189104,0.6916821134369959,2.194756417383703,6.872605434863162
cop_z,-20,flight_y_mtf,0.17667411314674789,1.520318074356901,0.12114500282362926,1.53533608737032,0.059195814949310734,0.11933535021057196,0.06851909442936541,0.14979965493556113,1.2530772747651813,2.1477223029603474,1.8242743781421547
cop_z,-20,flight_z_mtf,0.28769319534177545,0.40627951336860935,0.13647170493670865,0.5161927390784639,0.04448495901357529,0.0606969746189276,0.05508810857372748,0.09326164277215473,0.43482902147495084,1.3079029818041457,1.8835008670539912
cop_z,-20,square_60cm_mtf,0.23324330748469665,0.758115970890073,0.13416885457590128,0.8044523275764749,0.0567117665537963,0.06605367589700548,0.051726240280828166,0.10126656160228262,1.5282553409168123,1.1759303151379021,5.0517519920308205
cop_z,-20,square_120cm_mtf,0.46187559797840194,1.259075994711609,0.12419990906961657,1.3468582129830278,0.0584863998407996,0.05972553571732454,0.06723249279664016,0.10727537774675774,1.3779909596858397,1.7045435312264936,6.115124663695394
cop_z,-10,flight_diag_lr_mtf,0.8196734881274267,1.3666204884743203,0.10874187847442301,1.597291765079542,0.11583088357068543,0.09499810110776255,0.06465631249675657,0.16316210205965292,1.4815285839335062,1.8648168467284036,6.5211995050769485
cop_z,-10,flight_sine_mtf,0.6554375446211774,0.3510397525903584,0.1319594889990519,0.7551427610290844,0.06858797761910916,0.06076850060008883,0.05392164297645364,0.10632339780284746,0.69171688967904,2.1933792411672948,6.8694414109082
cop_z,-10,flight_y_mtf,0.17660033803739902,1.5206214340074486,0.12114540130021437,1.5356280256670176,0.05920207548173571,0.11945897647712393,0.06850768706399445,0.1498954168384256,1.252887024431124,2.1477685212724618,1.825727368182107
cop_z,-10,flight_z_mtf,0.2878460198339444,0.4062780760416996,0.13647086941751657,0.516276577433028,0.04447511954422727,0.06070232811131843,0.0550909978233521,0.09326214096716873,0.4348311954314655,1.307311235993632,1.8834120843765187
cop_z,-10,square_60cm_mtf,0.23284563505664493,0.7587622381298221,0.13416924469286465,0.8049463398253096,0.05677732148625397,0.06611677727625859,0.05171637381877491,0.10133940888674597,1.5286753585209991,1.175109047155744,5.0483312194018595
cop_z,-10,square_120cm_mtf,0.46034057709582826,1.2603844768604888,0.12419972785015705,1.3475563249192448,0.05851191979113281,0.0596815745224256,0.06719470617299945,0.1072411471068616,1.3768449521503594,1.7050676748447804,6.121418004983911
cop_z,0,flight_diag_lr_mtf,0.8214769217858267,1.3682104159318327,0.10874725798803526,1.5995780823113925,0.116140329674607,0.09510277778824625,0.06468270301102276,0.16345325505715422,1.4803309572823788,1.8656362130081423,6.5249754629790235
cop_z,0,flight_sine_mtf,0.6506185811169537,0.35124318229905177,0.13196018191934497,0.751059119389672,0.0687313045429696,0.060709234592200394,0.053907250828042624,0.1063747859259268,0.6915884487952598,2.1923207603768278,6.869547117029069
cop_z,0,flight_y_mtf,0.17651414275023616,1.5208788146322219,0.12114587967680943,1.5358730206467692,0.059217365100458316,0.11959420365999987,0.06849843697143868,0.15000501906949867,1.2518683842359908,2.1483696165098918,1.8284919096737142
cop_z,0,flight_z_mtf,0.28799854883277726,0.4062765262480198,0.1364700338900651,0.5163601941086271,0.04446644050394238,0.060708085439230376,0.05509388981130066,0.09326345834959843,0.43483396541785185,1.3067202637166475,1.8833233019945994
cop_z,0,square_60cm_mtf,0.23253696636522497,0.7594211857491169,0.13416958872075727,0.8054784023351798,0.056845216021863675,0.06615463744300765,0.05170631485170435,0.10139702971651447,1.528123106649875,1.1748687197004342,5.045731994775048
cop_z,0,square_120cm_mtf,0.4584040324929146,1.2613643222402495,0.12419974200244109,1.347812964153351,0.058531208749380455,0.059646219708917876,0.06715764546019475,0.1072087835346772,1.376098265341265,1.7061406218280024,6.1285676746871705
cop_z,10,flight_diag_lr_mtf,0.8227407709156169,1.3694892322957193,0.10875244783129283,1.601321400721929,0.11644715311652053,0.09521597032682828,0.06470407077509972,0.16374564803099634,1.4791869614643145,1.8661012799263272,6.527157778823769
cop_z,10,flight_sine_mtf,0.6460933259798047,0.35114628603019366,0.13196087973485565,0.747097031080195,0.06886796151044514,0.06066834290068215,0.053893235039320274,0.10643272398995678,0.6915638446714663,2.1907202530457095,6.866860131798004
cop_z,10,flight_y_mtf,0.1764592347980517,1.5212704511893749,0.12114683953717449,1.5362546025764363,0.059229192353904725,0.11970684640416109,0.06848352188376444,0.15009270159647772,1.2516524155014768,2.1487470660752335,1.8295903949028998
cop_z,10,flight_z_mtf,0.28814840575193046,0.40644104580518386,0.13646920293916612,0.5165730062667251,0.04445874155848342,0.060694526795235064,0.055096504154703504,0.09325250695788714,0.4348686119391767,1.3061784836651154,1.8832840552376582
cop_z,10,square_60cm_mtf,0.2322285515750588,0.760079538779768,0.1341699330299678,0.8060102830408434,0.05691534541176299,0.06619408455532202,0.05169639733269736,0.10145703953219574,1.5275735207134429,1.1746309727331412,5.0431398640486185
cop_z,10,square_120cm_mtf,0.4568580044864837,1.2626113464405644,0.12419977484271336,1.3484554988930142,0.058573046327719834,0.05960710467258751,0.06712098448588973,0.10718691730763166,1.374958946850118,1.7068428110773375,6.136189521912493
cop_z,20,flight_diag_lr_mtf,0.824117810338396,1.3708797680054885,0.10875795194502466,1.6032185739177958,0.11675347663579275,0.09533132856374345,0.06471828158394459,0.16403625356442322,1.4783445729031937,1.866039277979891,6.5297628703641815
cop_z,20,flight_sine_mtf,0.6415921655802469,0.35105442828995403,0.13196157877007259,0.7431645691416051,0.06900968461841857,0.06062805116587721,0.053879321524291895,0.10649449961018571,0.691540018453549,2.189126410264455,6.8641943159922985
cop_z,20,flight_y_mtf,0.1763828034140108,1.5215892116864154,0.12114666152757843,1.5365614651096617,0.05924211405358419,0.11986079011740447,0.06847836122846854,0.1502182513599562,1.2505124248039439,2.1489763064912997,1.8309474504689138
cop_z,20,flight_z_mtf,0.28835794471230414,0.40645380549671967,0.13646836961178657,0.5166997350357059,0.04445916217897871,0.06067672192018993,0.055099016120936366,0.0932426043294158,0.4353633006309024,1.3052990265815119,1.8833865937082943
cop_z,20,square_60cm_mtf,0.23192049820902158,0.7607498661758614,0.1341702753888242,0.8065538662569443,0.05698767991654997,0.06623296619685773,0.05168655829115404,0.10151798747754072,1.5270972323659275,1.1743870186772065,5.04063317808213
cop_z,20,square_120cm_mtf,0.45499316022040814,1.2636326907229947,0.1241999665929769,1.3487816667692685,0.05859976297754811,0.05959418824492566,0.06708553470163259,0.10717214404779073,1.3764800032618947,1.7080198872172894,6.145173293318703
cop_z,30,flight_diag_lr_mtf,0.8256261559999486,1.3721374840416654,0.10876281555334703,1.6050698348142158,0.1170693617660014,0.0954494177772078,0.06474597931069363,0.16434070906262888,1.4769454617494349,1.8663152051034844,6.531211336274246
cop_z,30,flight_sine_mtf,0.6370659441440566,0.3503730250512605,0.13196228292232248,0.7389372896165144,0.06915574675577424,0.060589815222259404,0.053865523322773515,0.10656048808471447,0.6915363915548419,2.1875161391463926,6.860225625057329
cop_z,30,flight_y_mtf,0.17629882335192665,1.5221044111537751,0.12114654396126522,1.537062002224638,0.05925506740388964,0.12002883039090509,0.068472883956682,0.15035497655679178,1.2500181053955028,2.14907312429783,1.8323076085103975
cop_z,30,flight_z_mtf,0.28850887650942786,0.40645246368014215,0.1364675342541454,0.5167827057495209,0.04445386207720804,0.06068356823136337,0.05510190982207531,0.09324624267449112,0.4353654236945222,1.3047160199834495,1.8832964431441241
cop_z,30,square_60cm_mtf,0.23161259217168587,0.7614069981308119,0.13417062025743046,0.8070853517412675,0.057062253313273636,0.06627557766606695,0.05167692403951366,0.10158276146248804,1.5265529533273676,1.1741544566075353,5.038055276900972
cop_z,30,square_120cm_mtf,0.45345798351340866,1.2648843291933733,0.1241999994922338,1.3494377158375588,0.058647266601312496,0.05955877983169454,0.0670491805049295,0.10715569392817308,1.3753383058570623,1.7087271828179489,6.152818413378557
cop_z,40,flight_diag_lr_mtf,0.8269074042957789,1.3734338940632655,0.10876801037948627,1.6068375763352314,0.11738518569076777,0.09556717747978007,0.06476974299221065,0.16464351441336775,1.4757958418861359,1.8667886091901325,6.533340483995726
cop_z,40,flight_sine_mtf,0.6320639664337271,0.3505735060827192,0.1319629553714678,0.7347250250409592,0.06931333150709962,0.060554117696121595,0.053852460896897755,0.10663595378304982,0.6915998739636853,2.186195752591102,6.8635768994201705
cop_z,40,flight_y_mtf,0.17618549114841234,1.5221874203015555,0.1211468258662438,1.5371312316236951,0.05926410904702848,0.12016298983607528,0.06846335086343476,0.1504613211391306,1.2491677118829374,2.1495621996980634,1.8331459761150264
cop_z,40,flight_z_mtf,0.2886595133241298,0.40645100916021515,0.13646669888873092,0.5168654538518398,0.04444972385607676,0.06069081810457792,0.055104806247802465,0.09325069986167553,0.435368140295715,1.3041337885116262,1.8832062930608002
cop_z,40,square_60cm_mtf,0.23129255032418666,0.7620741405794803,0.13417097462782307,0.807623111363215,0.057133833273335176,0.066335872562153,0.05166737650166977,0.10165746744658141,1.5265101654762923,1.1742013481017823,5.034445326410984
cop_z,40,square_120cm_mtf,0.45208218128092403,1.2659186223246055,0.124200231689163,1.34994590800209,0.058697096971538194,0.059526043761783796,0.06701134006935348,0.10714111618191448,1.373718061231488,1.7094382531330818,6.1600532261322
cop_z,50,flight_diag_lr_mtf,0.8281107807330081,1.3749039854366392,0.10877304849932,1.6087137751681067,0.11770368121511003,0.09571353552820532,0.06478722971235534,0.16496248842903274,1.4744623871607592,1.8673766882815543,6.5357984433959695
cop_z,50,flight_sine_mtf,0.6271234891437607,0.3509170663447787,0.13196380714123163,0.7306443077743633,0.06947631004522475,0.06050708402567033,0.05384228511679591,0.10671015200714536,0.691369358348433,2.18516525921152,6.863121997121874
cop_z,50,flight_y_mtf,0.17614111776512795,1.5224472871075327,0.12114717179979273,1.5373835151398376,0.059279767069775266,0.12030680061949593,0.06845370874496677,0.1505779774737551,1.2489499194839286,2.1495882919779703,1.8357075875599633
cop_z,50,flight_z_mtf,0.28880985517805136,0.4064494421854867,0.1364658635156124,0.5169479794001733,0.0444467478165628,0.06069847137921629,0.055107705397561296,0.09325597575183628,0.43537144983761283,1.303552333294396,1.8831161435206774
cop_z,50,square_60cm_mtf,0.2309850006488085,0.7627303732237071,0.13417132014175806,0.8081544629037741,0.05721281047528258,0.06638172745163982,0.051658025207251365,0.10172704158805275,1.52597558728598,1.173974862813251,5.031885260447526
cop_z,50,square_120cm_mtf,0.45052428578763637,1.268053070998456,0.124200261708679,1.351427551873048,0.05876305279146388,0.059523652339545444,0.06698048674538101,0.10715664779125748,1.373901134457412,1.709608255181745,6.169834666210085
flowdeck_pos_z,-50,flight_diag_lr_mtf,0.7955023358102816,1.3380455183846331,0.10872079915864588,1.5604518537008791,0.11779746939962711,0.09394756879046373,0.06432034540542804,0.16382764208664108,1.4881616389773222,1.8547321037031017,6.515289744902483
flowdeck_pos_z,-50,flight_sine_mtf,0.6161467973086545,0.3506231684553894,0.13198995360553367,0.7211066702951786,0.06901383869325661,0.06023468311968315,0.053579925740755006,0.10612226639161221,0.6858916518590908,2.1764971788614265,6.8566595049609935
flowdeck_pos_z,-50,flight_y_mtf,0.16860022628416294,1.5085057104170423,0.1211748601138575,1.5227274415953465,0.05912320261912644,0.11918763975665492,0.0684925387949514,0.14964115219177626,1.2520755495074516,2.142151158135111,1.8389534271708354
flowdeck_pos_z,-50,flight_z_mtf,0.28625490236204276,0.37047959900589406,0.13651330470637982,0.48768113021494647,0.04392381500761128,0.057234559629685516,0.054865969969583143,0.09063868380294411,0.422882055802854,1.3165243373733584,1.8820739862843026
flowdeck_pos_z,-50,square_60cm_mtf,0.22610567875829876,0.7485683921549461,0.13420203221812538,0.7934031769230995,0.05720577196882303,0.06587596329345421,0.051546642764754076,0.10133705771684255,1.5309111485938296,1.182785199386508,5.155950823225165
flowdeck_pos_z,-50,square_120cm_mtf,0.45683121328827253,1.261825370338493,0.12421222855346996,1.3477116532799327,0.05838231851184485,0.0594694732685827,0.06695808084071961,0.10690415312574865,1.3762891292354382,1.7036307116099878,6.104906982980471
flowdeck_pos_z,-40,flight_diag_lr_mtf,0.800880066425609,1.3443240650288888,0.10872734978984719,1.5685782445278296,0.11745965351461618,0.09418033014694956,0.0643881081606451,0.1637453305070683,1.4865631363553664,1.8566699035628322,6.517591108950309
flowdeck_pos_z,-40,flight_sine_mtf,0.6236181046534427,0.35002205098843914,0.1319846198020541,0.7272103660523539,0.0689410264331394,0.060328969623260204,0.05363594957519589,0.1061567934156455,0.6867121344249566,2.179319027072138,6.858965791259417
flowdeck_pos_z,-40,flight_y_mtf,0.17031600303749025,1.510503944329278,0.12116957871163439,1.524897299338591,0.05913519611692014,0.11924059342257945,0.06849243927985875,0.14968802483185034,1.2525557798273208,2.143567838685434,1.8354040007299026
flowdeck_pos_z,-40,flight_z_mtf,0.28692638851763147,0.37799640637775694,0.13650585131465745,0.49380348632366755,0.04405680831749044,0.05785781378225647,0.054905520815435725,0.0911215956335303,0.42426588023812817,1.312962423976311,1.8814256670048985
flowdeck_pos_z,-40,square_60cm_mtf,0.2273316717743188,0.7505753740444683,0.1341966038586373,0.7956455301206009,0.05711979747467296,0.06593446519925017,0.051568410749763975,0.10133768278343037,1.5307821436518332,1.1813546889134208,5.129893034116174
flowdeck_pos_z,-40,square_120cm_mtf,0.4568289273672646,1.2618536014419894,0.12421052655238936,1.3477371536238312,0.05841869286970991,0.059500742689647584,0.06699789172461769,0.1069663477583896,1.3761503172654617,1.7037377906647782,6.1099186286267795
flowdeck_pos_z,-30,flight_diag_lr_mtf,0.8062316409774564,1.3502747287341712,0.10873355764345041,1.5764118397579814,0.11712070871522519,0.09438536621882586,0.06445536707436159,0.1636470351424345,1.4849736998643754,1.8587719069972486,6.51828578463853
flowdeck_pos_z,-30,flight_sine_mtf,0.6305000172641333,0.3502866526191715,0.13197913011572515,0.7332458670591468,0.06888351061662673,0.06040402763121152,0.05369859265204481,0.10619380133394479,0.6878557874271876,2.1823193924406703,6.859841244333428
flowdeck_pos_z,-30,flight_y_mtf,0.17201903369630173,1.513034704975126,0.12116397325045913,1.5275946042150104,0.05914793624242272,0.11932960369697992,0.06849369101491252,0.14976454316380194,1.2522236083866183,2.1451527582461787,1.8323676996179
flowdeck_pos_z,-30,flight_z_mtf,0.28753518320130117,0.38478583373466996,0.1364977732408142,0.49936786192264276,0.04418210256179269,0.058533053302182954,0.05494816864154806,0.09163775287902343,0.4258799999253697,1.3099111037800497,1.8807649353164062
flowdeck_pos_z,-30,square_60cm_mtf,0.22853015701385976,0.7527107617224745,0.13419062018222724,0.7980016579071112,0.05702531337555166,0.06598055108808806,0.05159448620914141,0.10132773803185854,1.530184259685019,1.1794265907604897,5.106568339325181
flowdeck_pos_z,-30,square_120cm_mtf,0.45752071638884,1.261858462081083,0.12420824598224983,1.3479761394848875,0.058473541065061425,0.059540048148125226,0.06703674227966036,0.10704250162266435,1.3770096134840564,1.7036757162009308,6.115786115401595
flowdeck_pos_z,-20,flight_diag_lr_mtf,0.8117187919370273,1.3561914791488938,0.10873796043002962,1.5842874326769918,0.1167886563261937,0.09458602748900138,0.0645224575315,0.16355199286016706,1.4829602428316153,1.8608272277604507,6.522130010703254
flowdeck_pos_z,-20,flight_sine_mtf,0.637539697903527,0.3503350966067737,0.13197319505479943,0.739329744113119,0.0688215019586198,0.06050820239947764,0.05376432543635503,0.10624614994945819,0.6891683690653555,2.1855350385284065,6.860576385078563
flowdeck_pos_z,-20,flight_y_mtf,0.17324643981304338,1.515647960611046,0.12115844892012664,1.5303210248693078,0.05917500870035372,0.11939976552493735,0.0684934620968596,0.1498310382134186,1.2522366026393221,2.1464449874151272,1.8313131391093234
flowdeck_pos_z,-20,flight_z_mtf,0.2879816196137631,0.3916720200769552,0.13648912142418998,0.5049452097145553,0.04429864481166928,0.05919735513207678,0.05499276916751283,0.09214608753221701,0.42869528279962055,1.3076396084432336,1.8828424194101476
flowdeck_pos_z,-20,square_60cm_mtf,0.2299629479904718,0.7548068132675194,0.13418416704155853,0.8003884516209446,0.05696675260057648,0.06601830539954615,0.051624973328685556,0.10133491708621727,1.528799525987001,1.1776311591815178,5.087763067861094
flowdeck_pos_z,-20,square_120cm_mtf,0.4580508521576395,1.2616260803718675,0.12420595817377238,1.3479384518154702,0.058489517667458586,0.05957025832859536,0.06707896824600693,0.10709447854701167,1.3767892376766997,1.7046823035115828,6.1202051160582895
flowdeck_pos_z,-10,flight_diag_lr_mtf,0.8169816295892608,1.3623234421550405,0.10874281244551467,1.592234010247879,0.11646529374239495,0.09483870118663636,0.06460273078779467,0.16349940891180834,1.481452471908463,1.8633027748754556,6.524523152874769
flowdeck_pos_z,-10,flight_sine_mtf,0.6446191931252883,0.35116986036071807,0.1319668554335116,0.7458347175509284,0.06876999429035976,0.060604821291656834,0.053832688687812436,0.10630246869122421,0.6903537039123284,2.1885600153198097,6.863145833022801
flowdeck_pos_z,-10,flight_y_mtf,0.17486890612786365,1.5182892771417322,0.12115217454691674,1.5331207756766476,0.05919362373707015,0.11950248547361907,0.06849743586181209,0.14992207257485948,1.2517590075303855,2.1471050651394368,1.8318543859236034
flowdeck_pos_z,-10,flight_z_mtf,0.28758547040141513,0.39898141299129175,0.1364799416555293,0.5104099775404353,0.04433834842290319,0.05993450875166629,0.055039707314593025,0.09266824624136571,0.4317633192750725,1.308703836905178,1.8835623210361632
flowdeck_pos_z,-10,square_60cm_mtf,0.2312856901405761,0.7572495877497631,0.13417691362450432,0.8030712625668949,0.056902161899521915,0.06605998375324446,0.05166458768435048,0.10134597724089627,1.5277799516640502,1.176234243178816,5.068857424897033
flowdeck_pos_z,-10,square_120cm_mtf,0.4581708283725925,1.26093837653898,0.12420317470963324,1.347335342818683,0.058500411221907224,0.059624657117134,0.06711437433050756,0.10715286786289735,1.3769060880119863,1.7056015971775564,6.123128703048686
flowdeck_pos_z,0,flight_diag_lr_mtf,0.8214769217858267,1.3682104159318327,0.10874725798803526,1.5995780823113925,0.116140329674607,0.09510277778824625,0.06468270301102276,0.16345325505715422,1.4803309572823788,1.8656362130081423,6.5249754629790235
flowdeck_pos_z,0,flight_sine_mtf,0.6506185811169537,0.35124318229905177,0.13196018191934497,0.751059119389672,0.0687313045429696,0.060709234592200394,0.053907250828042624,0.1063747859259268,0.6915884487952598,2.1923207603768278,6.869547117029069
flowdeck_pos_z,0,flight_y_mtf,0.17651414275023616,1.5208788146322219,0.12114587967680943,1.5358730206467692,0.059217365100458316,0.11959420365999987,0.06849843697143868,0.15000501906949867,1.2518683842359908,2.1483696165098918,1.8284919096737142
flowdeck_pos_z,0,flight_z_mtf,0.28799854883277726,0.4062765262480198,0.1364700338900651,0.5163601941086271,0.04446644050394238,0.060708085439230376,0.05509388981130066,0.09326345834959843,0.43483396541785185,1.3067202637166475,1.8833233019945994
flowdeck_pos_z,0,square_60cm_mtf,0.23253696636522497,0.7594211857491169,0.13416958872075727,0.8054784023351798,0.056845216021863675,0.06615463744300765,0.05170631485170435,0.10139702971651447,1.528123106649875,1.1748687197004342,5.045731994775048
flowdeck_pos_z,0,square_120cm_mtf,0.4584040324929146,1.2613643222402495,0.12419974200244109,1.347812964153351,0.058531208749380455,0.059646219708917876,0.06715764546019475,0.1072087835346772,1.376098265341265,1.7061406218280024,6.1285676746871705
flowdeck_pos_z,10,flight_diag_lr_mtf,0.8267443237724308,1.3742819420525834,0.10875135335505906,1.6074774928434648,0.11580301007256752,0.09538139590555157,0.06475023083347013,0.16340299942089928,1.4790353887339271,1.8674519755040215,6.525239280886147
flowdeck_pos_z,10,flight_sine_mtf,0.657038769404921,0.35102792038343694,0.13195319929520796,0.7565263988745498,0.06869182713865568,0.06084169370586409,0.05398519292317812,0.10646445352134155,0.6932972973098286,2.195722146046629,6.876533970190185
flowdeck_pos_z,10,flight_y_mtf,0.17807945549932164,1.5234421802127152,0.12113831541078962,1.538591193391789,0.05924131906664537,0.11970804050009123,0.06850810710589697,0.1501096585312238,1.2516293733663446,2.151235692010189,1.8235595815867838
flowdeck_pos_z,10,flight_z_mtf,0.2884494712760377,0.4140161842798323,0.13645953549439915,0.5227176132027741,0.04460812422604344,0.061463505878599355,0.05515134926379888,0.09385797050582476,0.4389692479783727,1.3046127348426397,1.88310124951542
flowdeck_pos_z,10,square_60cm_mtf,0.23352275507254308,0.7616807448427125,0.13416186625245055,0.8078922208792215,0.056769972869291356,0.06622243102051849,0.051753365531498,0.10142312869205057,1.5277554962302187,1.17358958470804,5.019750685393375
flowdeck_pos_z,10,square_120cm_mtf,0.4585238663208937,1.261356661559026,0.12419596035759049,1.3478462079237141,0.05855989406169837,0.05971383791377435,0.06720371302295301,0.10729092540835537,1.3762243235588414,1.7067697980173084,6.1335297625503085
flowdeck_pos_z,20,flight_diag_lr_mtf,0.8323713500323242,1.3799784482797721,0.10875504164196163,1.615243090421323,0.1154747304937396,0.09563893414769567,0.0648428201797615,0.16335792125383436,1.4772465249584776,1.8698334934256426,6.526134506728996
flowdeck_pos_z,20,flight_sine_mtf,0.6635883577201953,0.35098999581673296,0.13194576159763827,0.7622028402392613,0.06865633121416552,0.060968172493971184,0.05406327496677894,0.10655349629729363,0.6948687864869866,2.198656182436324,6.879410123421424
flowdeck_pos_z,20,flight_y_mtf,0.1798005259068819,1.5262279368933267,0.12113109786995899,1.5415487949919824,0.05926909751354056,0.11982302597769681,0.06851499722640904,0.15021547296951876,1.251509185741902,2.1527110726023335,1.821576927109822
flowdeck_pos_z,20,flight_z_mtf,0.2894149233693822,0.4220448283950184,0.13644841456844375,0.5296234557514685,0.044772053752264084,0.06227098022661618,0.055213998102639286,0.09450289605116609,0.4436808202260872,1.3026675129020089,1.8830653521633065
flowdeck_pos_z,20,square_60cm_mtf,0.23484212060617335,0.7640688475326005,0.1341536361500975,0.8105240425014507,0.05672422297679737,0.06629505602241961,0.051806357935735646,0.10147201903925407,1.5272595726476237,1.1730042469872757,4.9962772163860905
flowdeck_pos_z,20,square_120cm_mtf,0.4590365181162751,1.2617265388207972,0.12419194574438051,1.3483664276140952,0.05861294780464765,0.05974393986837263,0.06725324138025134,0.10736766029627555,1.3769856477004863,1.7073991189729096,6.137244362038193
flowdeck_pos_z,30,flight_diag_lr_mtf,0.8380308380596077,1.386548983147104,0.10875840462785528,1.6237740479458196,0.11516673496726636,0.09593069592935749,0.06492943158322989,0.1633459713315047,1.4765712297401912,1.871756967563059,6.528727007021785
flowdeck_pos_z,30,flight_sine_mtf,0.67114464439124,0.3518181081570592,0.13193824123161013,0.7691676113965972,0.06861389610582629,0.061094430830564546,0.05414902702700279,0.1066419867843001,0.6961686520639134,2.2014212603234524,6.882629734684224
flowdeck_pos_z,30,flight_y_mtf,0.18152265697004766,1.528725779511122,0.12112322901932576,1.5442227237492074,0.059297784645955205,0.11993556863530243,0.06852511226238323,0.150321185793499,1.2519290516986075,2.155208990701355,1.8183555388027504
flowdeck_pos_z,30,flight_z_mtf,0.2898038740534027,0.4297765380070996,0.136436759420939,0.5360122641871318,0.04493563092669791,0.06312796739642801,0.05528087594776881,0.09518574704196785,0.4484441881999579,1.300376159899397,1.8831454698324672
flowdeck_pos_z,30,square_60cm_mtf,0.2361739775458026,0.7665385621175773,0.1341450099148429,0.8132369879488645,0.056680289819657045,0.06635585620186853,0.05186411950955448,0.10151670699360141,1.5258985211265275,1.1718471827955361,4.9755379605412
flowdeck_pos_z,30,square_120cm_mtf,0.4594415621042713,1.26182406036255,0.1241873925436881,1.348595201224387,0.058627083543642385,0.05977822340332904,0.06729902175379283,0.10742313180646439,1.376818188667129,1.7096057228594868,6.142347795694755
flowdeck_pos_z,40,flight_diag_lr_mtf,0.8433244992855434,1.3922584359233656,0.10876146910930172,1.6313824875417178,0.11486582753594278,0.09622330070395395,0.06502688228793432,0.16334496427490305,1.4750435034566916,1.8738091368957157,6.530784251049749
flowdeck_pos_z,40,flight_sine_mtf,0.6780369103201446,0.3521852029475302,0.13193043595833004,0.7753541828505447,0.06858492706267001,0.06123728190358518,0.05424048463507087,0.10675170766118117,0.6973007060028094,2.204554761168828,6.883861931952845
flowdeck_pos_z,40,flight_y_mtf,0.1833283950610861,1.5316324689604504,0.1211153078495727,1.5473125858096854,0.05932104891634457,0.12006661963097029,0.06853559773282565,0.15043971600192266,1.251577610863783,2.156792851365177,1.819455465155447
flowdeck_pos_z,40,flight_z_mtf,0.29017165116100846,0.4376841930126993,0.1364245572131011,0.5425667698647555,0.04510700969985671,0.06401831503265275,0.055352426075348474,0.09590035482786212,0.45382903404408176,1.2981536382383656,1.883345391194466
flowdeck_pos_z,40,square_60cm_mtf,0.23742898211404453,0.7691413525166505,0.1341358769836708,0.8160535369649667,0.056646937674702774,0.06641709756490466,0.0519276013200181,0.10157057731311006,1.5245793923314659,1.1705761163686488,4.951481127879758
flowdeck_pos_z,40,square_120cm_mtf,0.4596196753930243,1.2620269226334813,0.12418203924126647,1.3488452017671424,0.05870033081965447,0.05975219225832794,0.06734911753257394,0.10748003047277908,1.375760578630347,1.7093622866850264,6.148030070904383
flowdeck_pos_z,50,flight_diag_lr_mtf,0.8491525775736379,1.3986431938735964,0.10876473917637189,1.6398453135149644,0.11456122349137582,0.0964966098878353,0.06512760843946887,0.1633324065479071,1.4747797854859788,1.8762680797503186,6.535161851715135
flowdeck_pos_z,50,flight_sine_mtf,0.6848618722278791,0.3522570870802376,0.13192239881197587,0.7813605817662137,0.06856377422656677,0.06138699302839789,0.05433704097781472,0.10687314008433041,0.6992067726720719,2.2078656006173007,6.885932289550771
flowdeck_pos_z,50,flight_y_mtf,0.18529915224551816,1.5345340403695065,0.12110629605046003,1.5504184054050478,0.05935541150647847,0.12019403891641016,0.06855274393845871,0.15056277948960295,1.251932946654533,2.1586489801789224,1.8189445249574094
flowdeck_pos_z,50,flight_z_mtf,0.29054842934802116,0.44640726241945267,0.13641177576872512,0.5498236138124745,0.04528815489711328,0.06497753793182394,0.05543022266747186,0.09667267967027734,0.46064887165194485,1.2959637120294965,1.8857896199164255
flowdeck_pos_z,50,square_60cm_mtf,0.23875459764381302,0.7717317493959212,0.13412658289711,0.8188794729149115,0.05660598934524441,0.06647988856991786,0.051998291631996936,0.10162497698237782,1.5235179970397195,1.1706122436707433,4.928560095519065
flowdeck_pos_z,50,square_120cm_mtf,0.46008501847814687,1.262068886981215,0.12417707503219752,1.3490426404223077,0.05874855530261735,0.059788896939877295,0.067407095082572,0.10756310433835042,1.3756958721154602,1.7096713777772856,6.154568365416881
